id,category,difficulty,question,answer,gold_doc_ids,gold_sections,fact_keys,must_include,must_not_include,ambiguous,answerable,query_date,expected_behaviour,tests
DTI-001,single_fact_lookup,easy,"Under the 2024 edition of the HomeShield wording, what is the standard excess for an escape of water claim?",£300. The 2024 edition (DTI-HOME-PW-2024-v1.0) raised the standard excess from £250 to £300; it is stated in Section 3.4 and repeated in the Section 10 excess summary.,DTI-HOME-PW-2024-v1.0,3.4; 10,standard_excess,£300,£250; £350,False,True,,"Retrieve the 2024 edition only. The same sentence exists in all five editions with different figures, so this is the baseline test for edition-aware chunk selection.",Edition filtering on an explicitly named year; near-duplicate chunk disambiguation.
DTI-002,single_fact_lookup,easy,What is the trace and access limit under the current policy wording?,"£10,000. Section 3.1 of the 2025 edition (current) covers the reasonable cost of tracing the source of an escape of water and making good the damage caused by that tracing work, up to £10,000 unless the schedule shows a higher limit.",DTI-HOME-PW-2025-v1.0,3.1,trace_access_limit,"£10,000","£5,000; £7,500",False,True,,Resolve 'current' via the status metadata (status = Current) rather than by keyword match.,Metadata filtering on status.
DTI-003,single_fact_lookup,easy,"In the 2022 wording, what wind speed is needed before weather counts as a storm?","At least 48 knots (55 mph), or torrential rainfall, hail or snow of similar severity. This is the Section 1 definition in the 2022 edition; from the 2023 edition onwards the threshold was aligned to 47 knots (54 mph).",DTI-HOME-PW-2022-v1.0,1,storm_knots,48 knots,47 knots,False,True,,"Return the 2022 value only. Four of the five editions say 47 knots, so majority-vote or centroid retrieval will tend to return the wrong figure.",Minority-value retrieval against four near-identical distractor chunks.
DTI-004,temporal_disambiguation,medium,A customer's kitchen flooded on 15 March 2024 when a dishwasher supply hose burst. What excess applies to the claim?,"£300. The loss date falls inside the 2024 edition's effective period (1 January 2024 to 31 December 2024), so DTI-HOME-PW-2024-v1.0 governs and its standard escape of water excess is £300.",DTI-HOME-PW-2024-v1.0,3.1; 3.4; 10,standard_excess,£300; 2024,£350; £250,False,True,2024-03-15,"Select the edition by effective_from <= loss date <= effective_to, not by recency. Returning £350 (the current edition) is the characteristic failure.",Date-to-edition mapping; recency bias.
DTI-005,temporal_disambiguation,medium,"A pedal cycle was stolen from a locked shed after a forced entry on 12 August 2023. What is the most the policy will pay for the cycle, assuming no specified-item limit on the schedule?","£600. 12 August 2023 falls under DTI-HOME-PW-2023-v1.1 (effective 1 July to 31 December 2023), which raised the pedal cycle limit from £500 to £600 in Section 6.3.",DTI-HOME-PW-2023-v1.1,6.3,pedal_cycle_limit,£600,£500; £750,False,True,2023-08-12,Discriminate between the two 2023 editions on the loss date. A year-level filter alone is insufficient.,Minor-version selection by date within one edition year.
DTI-006,temporal_disambiguation,medium,A burglary was discovered on 3 May 2023. How quickly did the customer have to report it to the police?,"Within 24 hours of discovery, and they must obtain a crime reference number. The 2023 v1.0 edition (effective 1 January to 30 June 2023) shortened the window from 48 hours to 24 hours in Section 6.7.",DTI-HOME-PW-2023-v1.0,6.7,police_hours,24 hours,48 hours,False,True,2023-05-03,"Return 24 hours. The answer is the same in v1.0 and v1.1, so either 2023 chunk is acceptable, but the 2022 figure of 48 hours is wrong.",Date-to-edition mapping where two candidate editions agree.
DTI-007,temporal_disambiguation,hard,"A policyholder left their home empty for 50 consecutive days without telling us, and an escape of water claim arose on 1 February 2025. Is the claim payable?","No. Under the 2025 edition a home is unoccupied once it has not been lived in for more than 45 consecutive days (Section 1), and Section 9.4 reduces cover to fire, lightning and explosion only during an unnotified period of extended vacancy. Escape of water is therefore not paid. The same facts under the 2024 or earlier editions would have been payable, because the threshold was 60 days.",DTI-HOME-PW-2025-v1.0,1; 9.4,unoccupied_days,"45; not; fire, lightning and explosion",60 consecutive days,False,True,2025-02-01,"Apply the 2025 threshold to the 50-day fact. The answer flips on the edition, so retrieving the 2024 definition produces a confidently wrong 'yes'.",Edition-dependent threshold applied to a numeric fact pattern.
DTI-008,version_ambiguity,hard,What was the pedal cycle theft limit in 2023?,The question is under-specified because two editions were in force during 2023. DTI-HOME-PW-2023-v1.0 (1 January to 30 June 2023) gives £500; DTI-HOME-PW-2023-v1.1 (1 July to 31 December 2023) gives £600. The exact date of loss is needed to pick one.,DTI-HOME-PW-2023-v1.0; DTI-HOME-PW-2023-v1.1,6.3,pedal_cycle_limit,£500; £600; v1.0; v1.1,,True,True,,"Detect the ambiguity: either ask for the date of loss, or return both values with their effective ranges. Returning a single figure is a failure even when that figure is £600.",Ambiguity detection; refusal to collapse conflicting retrieved evidence.
DTI-009,version_ambiguity,hard,Does the 2023 wording say the excess is applied once per claim rather than once per damaged item?,"Only the second 2023 edition does. The clarification was added in DTI-HOME-PW-2023-v1.1 (effective 1 July 2023) at the end of Section 10, which also states that where a single event triggers more than one section, the higher applicable excess is deducted once. DTI-HOME-PW-2023-v1.0 contains no such wording.",DTI-HOME-PW-2023-v1.1,10,excess_per_claim_clarification,v1.1; 1 July 2023,,True,True,,"Distinguish presence in v1.1 from absence in v1.0 within the same edition year, and say so explicitly rather than answering a flat yes.",Clause presence at minor-version granularity.
DTI-010,freshness_default,medium,What is the standard excess on a HomeShield policy?,"£350 under the current 2025 edition (DTI-HOME-PW-2025-v1.0). Earlier editions differ: £300 in 2024, and £250 in 2022 and both 2023 editions. The amount that actually applies is the one shown on the customer's schedule.",DTI-HOME-PW-2025-v1.0,3.4; 10,standard_excess,£350,,False,True,,"With no date given, default to the edition whose status is Current and flag that earlier editions differ. Silently averaging or mixing editions is the failure mode.",Freshness default with an explicit caveat.
DTI-011,freshness_default,medium,"How much cover is there for sheds, greenhouses and fences?","£2,000 in total per claim under the current 2025 edition (Section 4.2), unless the schedule shows a higher garden and outbuildings limit. It was £1,500 from 2023 to 2024 and £1,000 in 2022. The same limit caps theft from outbuildings under Section 6.3.",DTI-HOME-PW-2025-v1.0,4.2; 6.3,outbuildings_limit,"£2,000",,False,True,,"Default to the current edition, and ideally note that the limit is shared between Sections 4 and 6 and counts towards the overall contents/buildings totals.",Freshness default; recognising a limit that appears in two sections.
DTI-012,clause_existence,medium,Is loss arising from a communicable disease excluded under HomeShield?,"It depends on the edition. The 2022 edition contains no communicable disease exclusion. From the 2023 edition onwards, Section 9.6 excludes any loss, cost or expense caused by, contributed to by, or arising from a communicable disease, or the fear or threat of one, including associated cleaning, disinfection or loss of use, and it applies even where another cause contributed concurrently or in any sequence.",DTI-HOME-PW-2023-v1.0; DTI-HOME-PW-2023-v1.1; DTI-HOME-PW-2024-v1.0; DTI-HOME-PW-2025-v1.0,9.6,communicable_disease_excl,2022; 9.6; 2023,,False,True,,State that the clause did not exist in 2022 rather than back-projecting the later wording onto every edition.,Clause absence in an early edition; no hallucinated back-dating.
DTI-013,clause_existence,hard,"Is there cover for heating oil leaking from a domestic oil tank and contaminating the garden, and what is the limit?","There is no escape of oil or fuel cover in the 2022 edition. Section 3.6 was added in the 2023 edition, covering oil or fuel escaping suddenly and accidentally from a fixed domestic heating installation or its supply pipe, including clean-up of contaminated ground within the boundaries of the home, up to £2,000. The limit rose to £2,500 in the 2024 edition and stays at £2,500 in 2025. Gradual seepage is excluded on the same basis as gradual water damage.",DTI-HOME-PW-2023-v1.0; DTI-HOME-PW-2023-v1.1; DTI-HOME-PW-2024-v1.0; DTI-HOME-PW-2025-v1.0,3.6,escape_of_fuel; fuel_limit,"2022; £2,000; £2,500",,False,True,,"Two things must be right: the clause is absent in 2022, and the limit changes mid-corpus. Note that Section 3.6 in the 2022 edition is the claims-process clause, which is a strong lexical decoy.",Clause existence plus a value change; section-number collision across editions.
DTI-014,clause_existence,hard,"Is home emergency cover available, and what does it pay out?","It is not offered in the 2022 or either 2023 edition, where Section 8 is marked Reserved and explicitly states that home emergency cover is not offered. It becomes an optional add-on in the 2024 edition, paying for an approved tradesperson to make the home safe, secure and habitable up to £1,000 in any period of insurance, rising to £1,500 in the 2025 edition. There is no policy excess, but a £75 call-out contribution applies to each separate emergency, and emergencies in the first 14 days of cover are excluded unless the cover replaced equivalent cover held without a break.",DTI-HOME-PW-2024-v1.0; DTI-HOME-PW-2025-v1.0,8; 8.1; 8.2; 8.3,home_emergency; he_limit,"2024; £1,000; £1,500; £75",,False,True,,"Say the section is Reserved before 2024. Note the deliberate trap: the fact matrix and fact_lookup_long.csv carry a home emergency annual limit of £1,000 against the 2022 and 2023 rows even though no such section exists in those PDFs, so a system that trusts the table over the wording will report cover that was never sold.",Structured-data vs source-document conflict; 'Reserved' section handling.
DTI-015,multi_hop_numeric,hard,"One storm caused two separate items of damage 80 hours apart. How many excesses are deducted if this happened in 2024, and how many if the same thing happened in 2025?","In 2024 they are two claims: the aggregation window in Section 4.5 is 72 hours, 80 hours falls outside it, so two excesses of £300 are deducted, £600 in total. In 2025 they are one claim: the window was extended to 96 hours, so a single £350 excess is deducted.",DTI-HOME-PW-2024-v1.0; DTI-HOME-PW-2025-v1.0,4.5; 4.4; 10,weather_multi_hours; standard_excess,72; 96; two; one; £300; £350,,False,True,,"Retrieve two editions, apply each aggregation rule to the 80-hour gap, then pull the matching excess from the same edition. Mixing the 2025 window with the 2024 excess is the common cross-contamination failure.",Multi-edition retrieval; arithmetic conditioned on retrieved rules.
DTI-016,multi_hop_numeric,hard,"Under the current wording, a leak from a wet room causes £4,000 of damage and the plumber charges £1,200 to trace the leak and make good the tracing work. What will the policyholder receive?","£4,600. The tracing cost of £1,200 sits within the £10,000 trace and access limit, so the gross claim is £5,200. Because the escape originated from a wet room, the increased excess of £600 applies instead of the £350 standard excess, leaving £4,600.",DTI-HOME-PW-2025-v1.0,3.1; 3.4; 10,trace_access_limit; eow_wetroom_excess; standard_excess,"£4,600; £600",£350 excess,False,True,,"Combine three facts from one edition and choose the wet-room excess over the standard one. Deducting £350 gives £4,850 and is the expected wrong answer.",Intra-edition multi-fact arithmetic; selecting the more specific of two excesses.
DTI-017,multi_hop_numeric,medium,"A leak had been running for 18 days before anyone noticed. Would the claim be paid under the second 2023 edition, and under the 2024 edition?","Not under the 2023 v1.1 edition: Section 3.3 bars a leak running for more than 14 days before discovery, and Section 9.1 treats it as gradual damage. Under the 2024 edition the time bar was extended to 21 days, so an 18-day leak is inside the bar and the claim is payable subject to the rest of the policy, with a £300 excess.",DTI-HOME-PW-2023-v1.1; DTI-HOME-PW-2024-v1.0,3.3; 9.1; 9.7,gradual_leak_days,14 days; 21 days,,False,True,,Compare 18 against two different thresholds and give opposite outcomes. Also tests whether the general exclusion in Section 9 is recognised as overriding the cover grant.,Threshold comparison across editions; exclusion precedence.
DTI-018,cross_section,hard,"A ceiling collapsed because a pipe in the loft had burst. The customer has accidental damage cover. Which section handles this under the current wording, and which excess applies?","Section 3, escape of water. Section 7.2 covers ceilings, but expressly redirects a collapse caused by escaping water to Section 3, where the escape of water excess and conditions apply. Under the 2025 edition that is the £350 standard excess, or £600 if the escape originated from a shower tray or wet room, not the £200 accidental damage excess.",DTI-HOME-PW-2025-v1.0,7.2; 3.4; 9.7; 10,standard_excess; ad_excess,Section 3; £350,£200 excess applies,False,True,,Follow the internal cross-reference instead of stopping at the first relevant chunk. Section 7.2 is the highest-scoring chunk for 'ceiling' but is not the answer.,Cross-reference following; resisting the top-ranked chunk.
DTI-019,cross_section,medium,"Lightning struck near the house and the power surge destroyed the wired-in alarm system, but there was no fire. Which section covers this and what excess applies in 2024?","Section 4. Section 5.1 covers lightning causing direct fire damage but states that a lightning strike causing only a power surge, with no fire, is covered under Section 4, which covers a strike causing a power surge that damages wired-in electrical installations. The 2024 standard excess of £300 applies.",DTI-HOME-PW-2024-v1.0,4.1; 5.1; 4.4,standard_excess,Section 4; £300,Section 5 covers,False,True,,Resolve the deliberate signpost between Sections 4 and 5. 'Lightning' is lexically strongest in Section 5.,Peril routing between two sections that both mention the keyword.
DTI-020,paraphrase_robustness,medium,Wind ripped some tiles off the roof and rain poured in through the gap overnight. Is that treated as a water leak or as storm damage?,"It is a storm claim under Section 4, not an escape of water claim. The peril that created the opening decides the section, not the substance that came through it. The 2022 edition words this as a leaking roof caused by wind lifting or displacing tiles; the 2023 to 2025 editions reword it around wind lifting or displacing roof coverings, with the same meaning. The storm excess applies: £250 in 2022 and 2023, £300 in 2024, £350 in 2025.",DTI-HOME-PW-2022-v1.0; DTI-HOME-PW-2023-v1.0; DTI-HOME-PW-2023-v1.1; DTI-HOME-PW-2024-v1.0; DTI-HOME-PW-2025-v1.0,4.1,standard_excess,storm; Section 4,escape of water claim,False,True,,"The query wording matches neither edition's phrasing. Dense retrieval should still land on Section 4.1 in whichever edition is in scope, rather than Section 3.",Paraphrase-robust retrieval across a reworded clause.
DTI-021,paraphrase_robustness,medium,My neighbour had a bonfire that got out of hand and the smoke ruined my curtains and redecorating. Is that covered?,"Yes. Section 5.1 covers damage caused by smoke drifting from a fire that was not on your property, and the wording is identical in all five editions. The curtains are contents and the redecoration is buildings damage; the fire, lightning and explosion excess applies, which is £250 in 2022 and 2023, £300 in 2024 and £350 in 2025.",DTI-HOME-PW-2022-v1.0; DTI-HOME-PW-2023-v1.0; DTI-HOME-PW-2023-v1.1; DTI-HOME-PW-2024-v1.0; DTI-HOME-PW-2025-v1.0,5.1; 5.5,standard_excess,covered; Section 5,not covered,False,True,,"Recognise a colloquially described loss as the clause about smoke from a fire off the property, and pick the excess by edition.",Colloquial-to-clause matching where the clause is identical in all editions.
DTI-022,cross_edition_comparison,hard,What changed between the 2024 and 2025 editions?,"The 2025 summary of changes lists: standard excess up from £300 to £350; trace and access up from £7,500 to £10,000; unoccupied-property period shortened from 60 to 45 days; weather-event aggregation window extended from 72 to 96 hours; frozen-pipe drain-down trigger for unoccupied homes changed from 30 to 45 days; a new Flood Re definition and note; a new electric vehicle charging point clause at Section 7.4; and the overall buildings limit raised from £750,000 to £1,000,000. Four further changes are not in that summary but are in the wording: the garden and outbuildings limit rose from £1,500 to £2,000, the emergency repair limit without prior authorisation from £750 to £1,000, the accidental damage excess from £150 to £200, and the home emergency annual limit from £1,000 to £1,500. Unchanged: wet-room excess £600, flood excess £1,500, gradual-leak bar 21 days, pedal cycle limit £750, contents limit £100,000, police notification 24 hours, fuel limit £2,500.",DTI-HOME-PW-2024-v1.0; DTI-HOME-PW-2025-v1.0,Document control; 1; 3; 4; 7; 8; 9.8; 10,standard_excess; trace_access_limit; unoccupied_days; weather_multi_hours; frozen_drain_days; buildings_limit; outbuildings_limit; emergency_repair_limit; ad_excess; he_limit; ev_charger; flood_re_note,"£350; 45; 96; £1,000,000; £200; £2,000",,False,True,,"The change summary on page 2 of the 2025 edition is incomplete. A system that retrieves only that page will miss four real changes. Full credit requires diffing the wording or the fact matrix, not quoting the summary.",Aggregation across a whole edition pair; resisting an authoritative-looking but incomplete summary chunk.
DTI-023,cross_edition_comparison,medium,"Has the storm wind-speed threshold ever changed, and when?","It changed once. The 2022 edition defined a storm as wind speeds of at least 48 knots (55 mph). The 2023 v1.0 edition, effective 1 January 2023, aligned it to 47 knots (54 mph), Beaufort force 9, and it has stayed at 47 knots in the 2023 v1.1, 2024 and 2025 editions.",DTI-HOME-PW-2022-v1.0; DTI-HOME-PW-2023-v1.0,1; Document control,storm_knots,48 knots; 47 knots; 2023,,False,True,,"Answer the change history, not a single value. The 2023 v1.0 change summary states the reason, which is worth citing.",Temporal change detection across the full corpus.
DTI-024,abstention_out_of_corpus,hard,"What was the standard excess under the 2021 edition, DTI-HOME-PW-2021-v1.0?","That cannot be answered from this corpus. DTI-HOME-PW-2021-v1.0 is named only as the document superseded by the 2022 edition; the 2021 wording itself is not held here, and the 2022 edition records no change summary against it. The earliest figure available is £250 in the 2022 edition.",DTI-HOME-PW-2022-v1.0,Document control,,not; 2021,£250 was the 2021; £200,False,False,,"Abstain. The document reference appears verbatim in the 2022 control page, so retrieval will return a high-scoring chunk that does not contain the answer. Extrapolating £250 backwards is a failure.",Abstention when a referenced document is outside the index.
DTI-025,abstention_out_of_scope,medium,Does my HomeShield policy cover my car if it is stolen off the driveway?,"No, and the wording does not deal with motor cover at all. HomeShield covers buildings and contents at the home; a vehicle is neither. The only related provision is Section 6.5, which excludes loss of money or valuables left in a vehicle even if the vehicle was forcibly entered. Motor insurance would be needed, and that is outside this policy.",DTI-HOME-PW-2025-v1.0,1; 6.5,,not; 6.5,covered up to,False,False,,"Decline on scope while citing the one clause that touches vehicles, rather than inventing a limit or answering from general insurance knowledge.",Out-of-scope handling; grounding a negative answer in a real clause.
